student,claimed,official,used,status,group,issue,recorded
65548,P2,P2,P2,ok,g08_65548_73221,13,2026-10-03T14:02:18+00:00
72901,,P2,P2,from list,g01_72901_73658,1,2026-10-02T17:26:36+00:00
72905,P3,P2,P3,MISMATCH,g09_72905_73863,15,2026-10-03T14:30:23+00:00
72976,,P1,P1,from list,g12_72976_77330,9,2026-10-03T17:00:23+00:00
73221,P3,P3,P3,ok,g08_65548_73221,13,2026-10-03T14:02:18+00:00
73226,,P3,P3,from list,g05_73226_73227,10,2026-10-03T11:35:00+00:00
73227,,P3,P3,from list,g05_73226_73227,10,2026-10-03T11:35:00+00:00
73260,,P3,P3,from list,g10_73260_73261,16,2026-10-03T14:42:01+00:00
73261,,P3,P3,from list,g10_73260_73261,16,2026-10-03T14:42:01+00:00
73658,,P2,P2,from list,g01_72901_73658,1,2026-10-02T17:26:36+00:00
73863,P3,P3,P3,ok,g09_72905_73863,15,2026-10-03T14:30:23+00:00
73946,,,,no class known,g02_73946_78037,5,2026-10-02T20:25:18+00:00
75088,,P3,P3,from list,g03_75088_75203,3,2026-10-02T22:46:32+00:00
75203,,P3,P3,from list,g03_75088_75203,3,2026-10-02T22:46:32+00:00
77077,P3,P3,P3,ok,g06_77077_79052,11,2026-10-03T12:12:31+00:00
77330,,P1,P1,from list,g12_72976_77330,9,2026-10-03T17:00:23+00:00
77343,P1,P1,P1,ok,g11_77343_77640,17,2026-10-03T16:34:05+00:00
77474,,P1,P1,from list,g04_77474_77491,7,2026-10-02T23:16:43+00:00
77491,,P1,P1,from list,g04_77474_77491,7,2026-10-02T23:16:43+00:00
77640,P1,P1,P1,ok,g11_77343_77640,17,2026-10-03T16:34:05+00:00
78037,P2,P2,P2,ok,g02_73946_78037,5,2026-10-02T20:25:18+00:00
79052,P1,P1,P1,ok,g06_77077_79052,11,2026-10-03T12:12:31+00:00
79869,P1,,P1,not in any listing,g07_79869_79871,12,2026-10-03T13:59:17+00:00
79871,P1,,P1,not in any listing,g07_79869_79871,12,2026-10-03T13:59:17+00:00
